symbol,delisted_date,available_since,last_price,data_from_month,trading_days
nfpusdt,2026-07-03,2023-12-27,0.01057,2026-05,0.0
ipusdt,2026-06-29,2025-02-13,0.4335,2026-05,0.0
ipusdc,2026-06-29,2025-03-05,0.4328,2026-05,0.0
ethusdt_260626,2026-06-27,2025-12-26,2011.11,2026-05,0.0
btcusdt_260626,2026-06-27,2025-12-26,73793.5,2026-05,0.0
tonusdt,2026-06-24,2024-03-01,1.8936,2026-05,0.0
cosusdt,2026-06-12,2024-09-30,0.00119,2026-05,0.0
highusdt,2026-06-12,2023-02-07,0.1294,2026-05,0.0
dusdt,2026-06-12,2025-01-09,0.011593,2026-05,0.0
mboxusdt,2026-06-12,2024-08-28,0.01323,2026-05,0.0
mlnusdt,2026-05-20,2025-03-31,2.993,2026-04,0.0
atausdt,2026-05-20,2021-08-31,0.00955,2026-04,0.0
phbusdt,2026-05-20,2023-02-16,0.1077,2026-04,0.0
sysusdt,2026-05-20,2024-08-19,0.00858,2026-04,0.0
damusdt,2026-04-30,2025-08-18,0.0272936,2026-04,0.0
zkjusdt,2026-04-30,2025-05-13,0.015684,2026-04,0.0
irusdt,2026-04-30,2025-12-21,0.020645,2026-04,0.0
degenusdt,2026-04-29,2024-11-15,0.0006768,2026-03,0.0
vineusdt,2026-04-29,2025-01-24,0.01719,2026-03,0.0
b3usdt,2026-04-29,2025-02-13,0.0003138,2026-03,0.0
bobusdt,2026-04-29,2025-11-21,0.005299,2026-03,0.0
aiusdt,2026-04-29,2024-01-08,0.01788,2026-03,0.0
truusdt,2026-04-22,2023-03-07,0.004644,2026-03,0.0
degousdt,2026-04-22,2024-12-13,0.2896,2026-03,0.0
dentusdt,2026-04-22,2021-03-24,0.000176,2026-03,0.0
funusdt,2026-04-16,2025-03-31,0.001235,2026-03,0.0
fiousdt,2026-04-16,2024-09-20,0.00613,2026-03,0.0
oxtusdt,2026-04-16,2023-08-11,0.01482,2026-03,0.0
pufferusdt,2026-04-09,2025-06-04,0.02553,2026-03,0.0
olusdt,2026-04-09,2025-06-25,0.01086,2026-03,0.0
rlsusdt,2026-04-09,2025-12-02,0.003314,2026-03,0.0
hippousdt,2026-04-09,2024-11-13,0.0005468,2026-03,0.0
ethusdt_260327,2026-03-28,2025-09-26,1966.72,2026-02,0.0
btcusdt_260327,2026-03-28,2025-09-26,67110.5,2026-02,0.0
ntrnusdt,2026-03-25,2023-11-14,0.01202,2026-02,0.0
rdntusdt,2026-03-25,2023-04-05,0.005442,2026-02,0.0
a2zusdt,2026-03-25,2025-07-30,0.000812,2026-02,0.0
hookusdt,2026-03-25,2023-01-23,0.02402,2026-02,0.0
forthusdt,2026-03-25,2025-04-08,0.981,2026-02,0.0
lrcusdt,2026-03-25,2020-10-19,0.03149,2026-02,0.0
bdxnusdt,2026-03-18,2025-06-03,0.00795,2026-02,0.0
1000whyusdt,2026-03-18,2024-11-25,1.11e-05,2026-02,0.0
vfyusdt,2026-03-18,2025-09-30,0.01603,2026-02,0.0
omusdt,2026-02-24,2024-02-13,0.05064,2026-01,0.0
rvvusdt,2026-02-11,2025-10-18,0.002728,2026-01,0.0
yalausdt,2026-02-11,2025-08-07,0.01225,2026-01,0.0
nknusdt,2026-02-07,2021-04-09,0.01023,2026-01,0.0
dfusdt,2026-02-07,2024-12-30,0.00958,2026-01,0.0
ghstusdt,2026-02-07,2024-09-23,0.1478,2026-01,0.0
chessusdt,2026-02-07,2024-08-29,0.02504,2026-01,0.0
cudisusdt,2026-01-31,2025-08-20,0.0201095,2026-01,0.0
42usdt,2026-01-31,2025-10-27,0.0272447,2026-01,0.0
eptusdt,2026-01-31,2025-04-21,0.0016024,2026-01,0.0
commonusdt,2026-01-31,2025-10-27,0.0011143,2026-01,0.0
dmcusdt,2026-01-22,2025-06-24,0.00129,2025-12,0.0
zrcusdt,2026-01-22,2025-07-29,0.003894,2025-12,0.0
tanssiusdt,2026-01-22,2025-07-09,0.01239,2025-12,0.0
bidusdt,2026-01-22,2025-03-20,0.02635,2025-12,0.0
fxsusdt,2026-01-07,2023-01-20,0.6419,2025-12,0.0
ethusdt_251226,2025-12-27,2025-06-27,2998.31,2025-11,0.0
btcusdt_251226,2025-12-27,2025-06-27,90681.7,2025-11,0.0
skateusdt,2025-12-11,2025-06-09,0.02467,2025-11,0.0
fisusdt,2025-12-11,2025-04-25,0.04366,2025-11,0.0
reiusdt,2025-12-11,2024-09-27,0.00872,2025-11,0.0
voxelusdt,2025-12-11,2024-08-20,0.02829,2025-11,0.0
tokenusdt,2025-12-07,2023-11-03,0.004491,2025-11,0.0
obolusdt,2025-12-07,2025-05-07,0.05713,2025-11,0.0
sxpusdt,2025-12-07,2020-07-22,0.0708,2025-11,0.0
milkusdt,2025-12-07,2025-05-06,0.02145,2025-11,0.0
ponkeusdt,2025-11-30,2024-11-04,0.0380175,2025-11,0.0
swellusdt,2025-11-30,2024-11-08,0.0025164,2025-11,0.0
quickusdt,2025-11-30,2024-09-06,0.0131602,2025-11,0.0
port3usdt,2025-11-25,2025-06-04,0.05354,2025-10,0.0
flmusdt,2025-11-22,2020-09-30,0.0248,2025-10,0.0
xcnusdt,2025-11-22,2025-04-11,0.00818,2025-10,0.0
perpusdt,2025-11-22,2023-03-06,0.1865,2025-10,0.0
myrousdt,2025-11-15,2024-03-05,0.01769,2025-10,0.0
1000xusdt,2025-11-15,2024-11-13,0.03326,2025-10,0.0
kdausdt,2025-11-07,2024-09-18,0.04651,2025-10,0.0
ai16zusdt,2025-11-07,2025-01-02,0.0749,2025-10,0.0
slerfusdt,2025-10-21,2024-11-21,0.07666,2025-09,0.0
hifiusdt,2025-10-04,2023-09-16,0.10919,2025-09,0.0
bakeusdt,2025-10-04,2021-05-19,0.0378,2025-09,0.0
ethusdt_250926,2025-09-27,2025-03-28,4405.07,2025-08,0.0
neiroethusdt,2025-09-27,2024-09-06,0.07871,2025-08,0.0
btcusdt_250926,2025-09-27,2025-03-28,108700.0,2025-08,0.0
uxlinkusdt,2025-09-27,2024-09-15,0.323,2025-08,0.0
alphausdt,2025-09-24,2020-11-23,0.01452,2025-08,0.0
omniusdt,2025-09-23,2024-04-17,3.173,2025-08,0.0
bswusdt,2025-09-16,2024-09-05,0.01748,2025-08,0.0
mkrusdt,2025-09-09,2020-08-13,1541.5,2025-08,0.0
leverusdt,2025-09-04,2023-03-30,0.0001555,2025-08,0.0
defiusdt,2025-08-13,2020-08-29,780.8,2025-07,0.0
memefiusdt,2025-08-13,2025-04-25,0.001349,2025-07,0.0
lokausdt,2025-07-23,2024-09-24,0.05115,2025-06,0.0
ethusdt_250627,2025-06-28,2024-12-27,2537.25,2025-05,0.0
btcusdt_250627,2025-06-28,2024-12-27,105025.5,2025-05,0.0
eosusdt,2025-05-23,2020-01-08,0.672,2025-04,0.0
alpacausdt,2025-05-01,2024-08-22,1.19,2025-04,0.0
badgerusdt,2025-04-15,2023-11-09,1.4202,2025-03,0.0
nulsusdt,2025-04-15,2024-08-26,0.1098,2025-03,0.0
troyusdt,2025-04-15,2024-10-31,0.001022,2025-03,0.0
balusdt,2025-04-15,2020-09-01,1.319,2025-03,0.0
vidtusdt,2025-04-15,2024-08-23,0.02473,2025-03,0.0
ethusdt_250328,2025-03-29,2024-09-27,2248.11,2025-02,0.0
btcusdt_250328,2025-03-29,2024-09-27,84811.3,2025-02,0.0
linausdt,2025-03-28,2021-03-19,0.00234,2025-02,0.0
combousdt,2025-03-28,2023-06-02,0.2832,2025-02,0.0
bnxusdt,2025-03-18,2022-04-01,1.2023,2025-02,0.0
ambusdt,2025-02-23,2023-03-30,0.006008,2025-01,0.0
stmxusdt,2025-02-23,2021-03-22,0.00541,2025-01,0.0
omgusdt,2025-02-02,2020-07-02,0.291,2025-01,0.0
reefusdt,2025-01-23,2021-02-22,0.001035,2024-12,0.0
ftmusdt,2025-01-08,2020-09-24,0.6811,2024-12,0.0
btcusdt_241227,2024-12-28,2024-06-28,97848.9,2024-11,0.0
ethusdt_241227,2024-12-28,2024-06-28,3763.33,2024-11,0.0
darusdt,2024-12-27,2022-04-29,0.2047,2024-11,0.0
blzusdt,2024-12-24,2020-09-18,0.15474,2024-11,0.0
bondusdt,2024-12-17,2023-10-15,1.698,2024-11,0.0
orbsusdt,2024-12-10,2023-10-17,0.036788,2024-11,0.0
xemusdt,2024-12-10,2021-03-03,0.0346,2024-11,0.0
loomusdt,2024-12-10,2023-10-11,0.07923,2024-11,0.0
keyusdt,2024-12-04,2023-05-24,0.0026152,2024-11,0.0
renusdt,2024-12-04,2020-10-13,0.05124,2024-11,0.0
unfiusdt,2024-11-01,2021-02-19,3.176,2024-09,0.0
klayusdt,2024-10-23,2021-10-12,0.1344,2024-09,0.0
ethusdt_240927,2024-09-28,2024-03-29,2522.15,2024-08,0.0
btcusdt_240927,2024-09-28,2024-03-29,59207.0,2024-08,0.0
maticusdt,2024-09-06,2020-10-22,0.4196,2024-08,0.0
maticusdc,2024-09-06,2024-04-25,0.4194,2024-08,0.0
frontusdt,2024-08-24,2023-09-22,0.7813,2024-07,0.0
rndrusdt,2024-07-18,2023-02-03,7.6931,2024-06,0.0
galusdt,2024-07-12,2022-05-05,2.225,2024-06,0.0
ethusdt_240628,2024-06-29,2023-12-29,3798.76,2024-05,0.0
btcusdt_240628,2024-06-29,2023-12-29,68116.7,2024-05,0.0
agixusdt,2024-06-27,2023-02-16,0.8971,2024-05,0.0
oceanusdt,2024-06-27,2020-11-04,0.902,2024-05,0.0
wavesusdt,2024-06-12,2020-08-12,2.3945,2024-05,0.0
mdtusdt,2024-05-17,2023-06-30,0.06781,2024-04,0.0
audiousdt,2024-05-17,2021-08-19,0.1675,2024-04,0.0
glmrusdt,2024-05-16,2023-09-26,0.28058,2024-04,0.0
idexusdt,2024-05-16,2023-05-03,0.05651,2024-04,0.0
radusdt,2024-05-15,2023-05-10,1.604,2024-04,0.0
sntusdt,2024-05-14,2023-11-02,0.03777,2024-04,0.0
mblusdt,2024-05-14,2023-11-14,0.004194,2024-04,0.0
stptusdt,2024-05-14,2023-10-18,0.05377,2024-04,0.0
dgbusdt,2024-04-02,2021-04-21,0.01585,2024-03,0.0
antusdt,2024-04-02,2021-12-27,9.222,2024-03,0.0
ethusdt_240329,2024-03-30,2023-09-29,3400.82,2024-02,0.0
btcusdt_240329,2024-03-30,2023-09-29,62117.3,2024-02,0.0
footballusdt,2024-03-27,2022-09-01,495.1,2024-02,0.0
bluebirdusdt,2024-03-27,2022-11-02,11.237,2024-02,0.0
straxusdt,2024-03-16,2023-10-11,1.3315,2024-02,0.0
ethusdt_231229,2023-12-30,2023-08-18,2065.39,2023-11,0.0
btcusdt_231229,2023-12-30,2023-08-18,38007.6,2023-11,0.0
ethbusd,2023-12-12,2021-06-16,2053.93,2023-11,0.0
btcbusd,2023-12-12,2021-01-12,37732.4,2023-11,0.0
bnbbusd,2023-12-09,2021-07-28,227.89,2023-11,0.0
xrpbusd,2023-12-09,2021-08-09,0.6065,2023-11,0.0
tomousdt,2023-11-15,2020-10-12,1.7612,2023-10,0.0
btcusdt_230929,2023-09-30,2023-06-25,27116.2,2023-09,0.0
ethusdt_230929,2023-09-30,2023-06-25,1671.17,2023-09,0.0
solbusd,2023-08-29,2021-09-03,23.714,2023-07,0.0
ltcbusd,2023-08-25,2022-07-07,92.24,2023-07,0.0
dogebusd,2023-08-25,2021-08-18,0.07783,2023-07,0.0
adabusd,2023-08-18,2021-08-02,0.307,2023-07,0.0
maticbusd,2023-08-18,2022-07-13,0.6872,2023-07,0.0
trxbusd,2023-08-11,2022-05-26,0.077893,2023-07,0.0
dodobusd,2023-08-11,2022-05-25,0.0913,2023-07,0.0
aptbusd,2023-08-04,2022-10-25,7.035,2023-07,0.0
ftmbusd,2023-08-04,2022-05-24,0.2347,2023-07,0.0
ldobusd,2023-07-28,2022-07-28,2.0515,2023-06,0.0
galabusd,2023-07-28,2022-05-26,0.024582,2023-06,0.0
agixbusd,2023-07-21,2023-01-19,0.2378,2023-06,0.0
btcusdt_230630,2023-07-01,2023-03-27,30661.0,2023-06,0.0
ethusdt_230630,2023-07-01,2023-03-27,1880.82,2023-06,0.0
1000luncbusd,2023-06-09,2022-05-31,0.0846,2023-05,0.0
1000shibbusd,2023-06-02,2022-07-20,0.008592,2023-05,0.0
cocosusdt,2023-05-26,2023-02-21,1.728,2023-04,0.0
linkbusd,2023-05-24,2022-06-30,7.017,2023-04,0.0
apebusd,2023-05-17,2022-05-19,3.88,2023-04,0.0
dotbusd,2023-05-10,2022-06-08,5.873,2023-04,0.0
filbusd,2023-05-03,2022-07-20,5.42,2023-04,0.0
etcbusd,2023-04-26,2022-07-28,20.742,2023-03,0.0
gmtbusd,2023-04-19,2022-05-18,0.3938,2023-03,0.0
nearbusd,2023-04-19,2022-05-17,1.988,2023-03,0.0
avaxbusd,2023-04-19,2022-05-13,17.714,2023-03,0.0
phbbusd,2023-04-12,2022-09-16,1.1743,2023-03,0.0
sandbusd,2023-04-12,2022-07-07,0.6275,2023-03,0.0
unibusd,2023-04-12,2022-08-05,6.06,2023-03,0.0
ambbusd,2023-04-05,2022-09-14,0.013601,2023-03,0.0
leverbusd,2023-04-05,2022-07-20,0.0021398,2023-03,0.0
tlmbusd,2023-04-05,2022-06-09,0.01991,2023-03,0.0
ethusdt_230331,2023-04-01,2022-12-23,1790.33,2023-03,0.0
btcusdt_230331,2023-04-01,2022-12-23,27807.8,2023-03,0.0
luna2busd,2023-03-23,2022-06-01,1.7069,2023-02,0.0
icpbusd,2023-03-23,2022-06-09,5.799,2023-02,0.0
hntusdt,2023-03-21,2020-09-28,2.619,2023-02,0.0
cvxbusd,2023-03-16,2022-07-13,6.057,2023-02,0.0
galbusd,2023-03-16,2022-05-24,1.896,2023-02,0.0
wavesbusd,2023-03-16,2022-06-29,2.4678,2023-02,0.0
ethusdt_221230,2022-12-31,2022-09-23,1193.0,2022-12,0.0
btcusdt_221230,2022-12-31,2022-09-23,16509.0,2022-12,0.0
ancbusd,2022-12-16,2022-05-25,0.05422,2022-11,0.0
auctionbusd,2022-12-16,2022-08-05,5.182,2022-11,0.0
rayusdt,2022-11-16,2021-08-20,0.52,2022-10,0.0
srmusdt,2022-11-16,2020-09-05,0.7684,2022-10,0.0
fttusdt,2022-11-15,2022-04-15,26.073,2022-10,0.0
fttbusd,2022-11-15,2021-09-08,26.062,2022-10,0.0
btcusdt_220930,2022-10-01,2022-06-20,19514.0,2022-09,0.0
ethusdt_220930,2022-10-01,2022-06-20,1340.33,2022-09,0.0
btsusdt,2022-08-19,2021-02-01,0.01228,2022-07,0.0
btcusdt_220624,2022-06-25,2022-03-22,31877.3,2022-05,0.0
ethusdt_220624,2022-06-25,2022-03-22,1944.75,2022-05,0.0
scusdt,2022-06-18,2021-04-12,0.005652,2022-05,0.0
dodousdt,2022-05-28,2021-02-19,0.282,2022-04,0.0
akrousdt,2022-05-28,2021-01-19,0.00797,2022-04,0.0
ancusdt,2022-05-14,2022-03-08,1.592,2022-04,0.0
lunabusd,2022-05-14,2022-05-12,,NOT_FOUND,
lunausdt,2022-05-13,2021-01-28,78.024,2022-04,0.0
yfiiusdt,2022-04-13,2020-09-03,2243.9,2022-03,0.0
1000bttcusdt,2022-04-12,2022-01-26,0.002144,2022-03,0.0
btcusdt_220325,2022-03-26,2021-12-24,43241.1,2022-02,0.0
ethusdt_220325,2022-03-26,2021-12-24,2925.6,2022-02,0.0
keepusdt,2022-02-16,2021-06-22,0.4461,2022-01,0.0
nuusdt,2022-02-16,2021-10-21,0.4953,2022-01,0.0
bttusdt,2022-01-15,2021-04-06,0.002722,2021-12,0.0
ethusdt_211231,2022-01-01,2021-09-22,3695.0,2021-12,0.0
btcusdt_211231,2022-01-01,2021-09-22,47020.0,2021-12,0.0
bzrxusdt,2021-12-20,2020-09-05,0.2874,2021-11,0.0
btcusdt_210924,2021-09-25,2021-06-18,47416.7,2021-08,0.0
ethusdt_210924,2021-09-25,2021-06-21,3462.62,2021-08,0.0
ethusdt_210625,2021-06-26,2021-03-16,2722.66,2021-05,0.0
btcusdt_210625,2021-06-26,2021-03-16,37468.9,2021-05,0.0
ethusdt_210326,2021-03-27,2021-02-04,,NOT_FOUND,
btcusdt_210326,2021-03-27,2021-02-03,,NOT_FOUND,
btcstusdt,2021-03-13,2021-03-04,,NOT_FOUND,
dotecousdt,2021-02-20,2021-01-20,,NOT_FOUND,
btcbusd_210226,2021-01-12,2021-01-05,,NOT_FOUND,
btcbusd_210129,2021-01-12,2021-01-05,,NOT_FOUND,
lendusdt,2020-10-10,2020-07-23,0.5344,2020-09,0.0
