cmc_id,cmc_symbol,cmc_slug,binance_futures_status,binance_spot_status,cmc_price_usd,cmc_price_timestamp
1,BTC,bitcoin,ambiguous,ambiguous,64712.3764913657,2026-07-15T00:00:00
328,XMR,monero,,stale,329.8940659142,2026-07-15T00:00:00
463,BTS,bitshares,,stale,0.00107192677138,2026-07-15T00:00:00
541,SYS,syscoin,,stale,0.00269624131972,2026-07-15T00:00:00
873,XEM,nem,,stale,0.00049319292893,2026-07-15T00:00:00
1027,ETH,ethereum,ambiguous,ambiguous,1916.9437417236,2026-07-15T00:00:00
1104,REP,augur,,stale,0.8770377739,2026-07-15T00:00:00
1191,MEME,memetic,ambiguous,ambiguous,0.00054008507345,2026-07-15T00:00:00
1274,WAVES,waves,,stale,0.2549537341,2026-07-15T00:00:00
1297,CHESS,chesscoin,,stale,0.0414326704,2026-07-15T00:00:00
1320,ARDR,ardor,,stale,0.0210708398,2026-07-15T00:00:00
1343,STRAX,stratis,,ambiguous,0.00957373620836,2026-07-15T00:00:00
1414,FIRO,firo,,stale,0.6435091241,2026-07-15T00:00:00
1518,MKR,maker,,stale,1506.0552241041,2026-07-15T00:00:00
1521,KMD,komodo,,stale,0.00919244402899,2026-07-15T00:00:00
1552,MLN,enzyme,,stale,1.3350594232,2026-07-15T00:00:00
1567,XNO,nano,,stale,0.328983576,2026-07-15T00:00:00
1680,ANT,aragon,,stale,0.1143434907,2026-07-15T00:00:00
1757,FUN,funtoken,,stale,0.00355545164415,2026-07-15T00:00:00
1759,SNT,status,,stale,0.00722026413748,2026-07-15T00:00:00
1765,EOS,eos,,stale,0.0756038416,2026-07-15T00:00:00
1808,OMG,omg,,stale,0.0454463833,2026-07-15T00:00:00
1817,VGX,vgx-token,,stale,0.00010892300686,2026-07-15T00:00:00
1856,DNT,district0x,,stale,0.00509995371134,2026-07-15T00:00:00
1886,DENT,dent,,stale,2.991504328e-05,2026-07-15T00:00:00
1934,LRC,loopring,,stale,0.0106506939,2026-07-15T00:00:00
2058,AST,airswap,,stale,0.0044,2026-07-15T00:00:00
2062,AION,aion,,stale,0.0001838891955,2026-07-15T00:00:00
2081,AMB,airdao,,stale,0.00747549555625,2026-07-15T00:00:00
2083,BTG,bitcoin-gold,,stale,0.3582784017,2026-07-15T00:00:00
2092,NULS,nuls,,stale,0.00359745710738,2026-07-15T00:00:00
2143,DATA,streamr,,stale,0.00014596044182,2026-07-15T00:00:00
2289,GFT,gifto,,stale,2.951837202e-05,2026-07-15T00:00:00
2297,STMX,stormx,,stale,3.680104423e-05,2026-07-15T00:00:00
2299,ELF,aelf,,stale,0.0620594689,2026-07-15T00:00:00
2320,UTK,utrust,,stale,0.00794438444546,2026-07-15T00:00:00
2348,MDT,measurable-data-token,,stale,0.00363946311238,2026-07-15T00:00:00
2398,KEY,selfkey,,stale,7.164659955e-05,2026-07-15T00:00:00
2424,AGIX,singularitynet,,stale,0.0697039608,2026-07-15T00:00:00
2430,HOT,hydro-protocol,ambiguous,ambiguous,0.00035843781989,2026-07-15T00:00:00
2496,POLY,polymath-network,,stale,0.0124849962,2026-07-15T00:00:00
2505,BLZ,bluzelle,,stale,0.00711142837039,2026-07-15T00:00:00
2539,REN,ren,,stale,0.00338353339304,2026-07-15T00:00:00
2588,LOOM,loom-network,,stale,0.00522475795865,2026-07-15T00:00:00
2606,WAN,wanchain,,stale,0.053353012,2026-07-15T00:00:00
2608,MITH,mithril,,stale,0.0002417940608,2026-07-15T00:00:00
2682,HOT,holo,ambiguous,ambiguous,0.00035895184878,2026-07-15T00:00:00
2780,NKN,nkn,,stale,0.00502623665254,2026-07-15T00:00:00
2896,MFT,mainframe,,stale,0.00021374187718,2026-07-15T00:00:00
2994,BIFI,bitcoin-file,,stale,0.00058123536927,2026-07-15T00:00:00
3330,USDP,paxos-standard,,stale,0.9996117309,2026-07-15T00:00:00
3637,AERGO,aergo,,stale,0.0228692691,2026-07-15T00:00:00
3702,BEAM,beam,,stale,0.00851283683146,2026-07-15T00:00:00
3874,IRIS,irisnet,,stale,0.00043446318602,2026-07-15T00:00:00
3893,NOW,now-token,stale,,0.3725504952,2026-07-15T00:00:00
3911,OCEAN,ocean-protocol,,stale,0.1103340191,2026-07-15T00:00:00
3928,IDEX,idex,,stale,0.00111782108849,2026-07-15T00:00:00
4036,COS,contentos,,stale,0.00028078381206,2026-07-15T00:00:00
4118,FOR,the-force-protocol,,stale,6.110735736e-05,2026-07-15T00:00:00
4256,KLAY,klaytn,,stale,0.0340044553,2026-07-15T00:00:00
4279,SXP,sxp,,stale,0.00019985742947,2026-07-15T00:00:00
4293,PERL,perlin,,stale,9.830089692e-05,2026-07-15T00:00:00
4687,BUSD,binance-usd,,stale,1.0003469273,2026-07-15T00:00:00
4758,DF,dforce,,stale,0.0187746642,2026-07-15T00:00:00
5007,TROY,troy,,stale,2.51756633e-06,2026-07-15T00:00:00
5026,OXT,orchid,,stale,0.00371006544313,2026-07-15T00:00:00
5066,MON,moneybyte,ambiguous,,0.0223283724,2026-07-15T00:00:00
5161,WRX,wazirx,,stale,0.0189026269,2026-07-15T00:00:00
5228,GAL,galatasaray-fan-token,,stale,0.954280667,2026-07-15T00:00:00
5426,SOL,solana,ambiguous,ambiguous,77.2640646027,2026-07-15T00:00:00
5631,ORN,orion-xyz,,stale,0.0295651952,2026-07-15T00:00:00
5647,KDA,kadena,,stale,0.005579929795,2026-07-15T00:00:00
5665,HNT,helium,,stale,0.20960376,2026-07-15T00:00:00
5728,BAL,balancer,,stale,0.096406891,2026-07-15T00:00:00
5794,PNT,pnetwork,,stale,0.00087655238107,2026-07-15T00:00:00
5865,FIO,fio-protocol,,stale,0.00093259198307,2026-07-15T00:00:00
5882,FIS,stafi,,stale,0.00571330844944,2026-07-15T00:00:00
5893,FRONT,frontier,,stale,0.0128130959,2026-07-15T00:00:00
5939,WNXM,wrapped-nxm,,stale,50.8418199183,2026-07-15T00:00:00
5957,YFII,yearn-finance-ii,,stale,24.9844243756,2026-07-15T00:00:00
5994,SHIB,shiba-inu,,ambiguous,4.23303104e-06,2026-07-15T00:00:00
6187,SRM,serum,,stale,0.00171979758653,2026-07-15T00:00:00
6193,CREAM,cream-finance,,stale,0.4749202254,2026-07-15T00:00:00
6536,OM,mantra,,stale,0.0085718213317,2026-07-15T00:00:00
6669,CVP,powerpool,,stale,0.00193673618207,2026-07-15T00:00:00
6756,ACA,acala,,stale,0.00028198823712,2026-07-15T00:00:00
6833,LIT,litentry,,stale,0.1038903898,2026-07-15T00:00:00
6859,FARM,harvest-finance,,stale,5.3112974405,2026-07-15T00:00:00
6890,TON,tontoken,,stale,0.0077409882362,2026-07-15T00:00:00
6950,PERP,perpetual-protocol,,stale,0.0197631346,2026-07-15T00:00:00
6951,REEF,reef,,stale,5.144467097e-05,2026-07-15T00:00:00
7046,GHST,aavegotchi,,stale,0.0516575621,2026-07-15T00:00:00
7048,WING,wing,,stale,0.0101397667,2026-07-15T00:00:00
7064,BAKE,bakerytoken,,stale,0.00075422081005,2026-07-15T00:00:00
7087,DEGO,dego-finance,,stale,0.0126301022,2026-07-15T00:00:00
7102,LINA,linear,,stale,1.215138457e-05,2026-07-15T00:00:00
7129,USTC,terrausd,ambiguous,ambiguous,0.00554250889734,2026-07-15T00:00:00
7150,FLM,flamingo,,stale,0.00528613344635,2026-07-15T00:00:00
7158,BURGER,burger-cities,,stale,0.00057786382001,2026-07-15T00:00:00
7208,POLS,polkastarter,,stale,0.0600927213,2026-07-15T00:00:00
7232,ALPHA,alpha-finance-lab,,stale,0.0005606165996,2026-07-15T00:00:00
7257,APE,apecoin,ambiguous,ambiguous,0.1529918564,2026-07-15T00:00:00
7296,TRU,truebit,,stale,0.00391564988042,2026-07-15T00:00:00
7311,BIFI,beefy-finance,,stale,40.942696651,2026-07-15T00:00:00
7440,BOND,barnbridge,,stale,0.0329656085,2026-07-15T00:00:00
7461,PDA,playdapp,,stale,0.00082911998397,2026-07-15T00:00:00
7497,POND,marlin,,stale,0.00082076898752,2026-07-15T00:00:00
7535,KP3R,keep3rv1,,stale,0.9663605982,2026-07-15T00:00:00
7672,UNFI,unifi-protocol-dao,,stale,0.0275709331,2026-07-15T00:00:00
7725,TRU,truefi-token,,stale,0.0017799446606,2026-07-15T00:00:00
7857,MIR,mirror-protocol,,stale,0.00294784173885,2026-07-15T00:00:00
7859,BADGER,badger-dao,,stale,0.3515235326,2026-07-15T00:00:00
7878,MOB,mobilecoin,,stale,0.0827877127,2026-07-15T00:00:00
8049,TORN,torn,,stale,5.6493616346,2026-07-15T00:00:00
8132,BIFI,bifi,,stale,0.00192202548216,2026-07-15T00:00:00
8255,PROS,prosper,,stale,0.0212108338,2026-07-15T00:00:00
8259,COMBO,furucombo,,stale,0.00031340830639,2026-07-15T00:00:00
8266,MDX,mandala-exchange-token,,stale,0.00079405197289,2026-07-15T00:00:00
8335,MDX,mdex,,stale,0.00052337736387,2026-07-15T00:00:00
8353,BETH,beacon-eth,,stale,1914.9313680262,2026-07-15T00:00:00
8384,CLV,clover,,stale,0.00195565930756,2026-07-15T00:00:00
8387,AUTO,auto,,stale,2.002010068,2026-07-15T00:00:00
8613,ALCX,alchemix,,stale,1.9950914479,2026-07-15T00:00:00
8707,ALPACA,alpaca-finance,,stale,0.00049877237104,2026-07-15T00:00:00
8886,USDP,usdp,,stale,0.9998896023,2026-07-15T00:00:00
8891,BTCST,btc-standard-hashrate-token,,stale,0.00940819479669,2026-07-15T00:00:00
8911,STRK,strike,ambiguous,ambiguous,0.0290807292,2026-07-15T00:00:00
9025,TRIBE,tribe,,stale,0.3123859228,2026-07-15T00:00:00
9175,MBOX,mobox,,stale,0.00077987658823,2026-07-15T00:00:00
9421,FORTH,ampleforth-governance-token,,stale,0.1670067635,2026-07-15T00:00:00
9891,BNX,binaryx,,stale,26.590910581,2026-07-15T00:00:00
10188,ATA,automata-network,,stale,0.00067307651728,2026-07-15T00:00:00
10746,BSW,biswap,,stale,0.00033811471392,2026-07-15T00:00:00
10897,ALT,alitas,ambiguous,ambiguous,0.00654074346415,2026-07-15T00:00:00
10974,CHESS,tranchess,,stale,6.433677937e-05,2026-07-15T00:00:00
11232,HIGH,highstreet,,stale,0.0251197329,2026-07-15T00:00:00
11307,BETA,beta-finance,,stale,0.00621996960147,2026-07-15T00:00:00
11374,D,mines-of-dalarnia,,stale,0.00238578397586,2026-07-15T00:00:00
11877,GAL,galxe,,stale,0.2639636694,2026-07-15T00:00:00
12179,ALPHA,polyalpha-finance,,stale,0.2800084371,2026-07-15T00:00:00
12537,BETA,polybeta-finance,,stale,0.1111573232,2026-07-15T00:00:00
13969,PHB,phoenix-global-new,,stale,0.00385178826785,2026-07-15T00:00:00
14275,GFT,game-fantasy-token,,stale,0.00116618671797,2026-07-15T00:00:00
14349,TUT,tutellus,ambiguous,ambiguous,0.0129684438,2026-07-15T00:00:00
14806,PEOPLE,constitutiondao,ambiguous,ambiguous,0.00574518407774,2026-07-15T00:00:00
15610,USTC,terrausd-wormhole,ambiguous,ambiguous,0.00555305426273,2026-07-15T00:00:00
15678,VOXEL,voxies,,stale,0.00320498439552,2026-07-15T00:00:00
16116,SOL,wrapped-solana,ambiguous,ambiguous,77.331370482,2026-07-15T00:00:00
17050,MULTI,multichain,,stale,0.0938014278,2026-07-15T00:00:00
17145,LOKA,league-of-kingdoms,,stale,0.1231129766,2026-07-15T00:00:00
17285,USDS,sperax-usd,,ambiguous,,
18037,MAV,maverick-protocol,ambiguous,ambiguous,0.0093425776954,2026-07-15T00:00:00
18101,NBT,nanobyte-token,,stale,0.00080185010984,2026-07-15T00:00:00
18876,APE,apecoin-ape,ambiguous,ambiguous,0.1529645089,2026-07-15T00:00:00
18938,MEME,memeverse,ambiguous,ambiguous,0.00054298067245,2026-07-15T00:00:00
19642,MAV,massive-protocol,ambiguous,ambiguous,0.00929320246713,2026-07-15T00:00:00
19819,REI,rei-network,,stale,0.00423129132846,2026-07-15T00:00:00
19924,EPX,ellipsis-epx,,stale,3.0645e-07,2026-07-15T00:00:00
20317,XUSD,usd,,ambiguous,,
21106,RDNT,radiant-capital,,stale,0.00059699280425,2026-07-15T00:00:00
22153,ELF,elf-wallet,,stale,3.85553153e-05,2026-07-15T00:00:00
22454,PEPE,pepepad-vip,,ambiguous,2.79044841e-06,2026-07-15T00:00:00
22691,STRK,starknet-token,ambiguous,ambiguous,0.0288370193,2026-07-15T00:00:00
22764,HOOK,hooked-protocol,,stale,0.00492915156929,2026-07-15T00:00:00
23037,HIFI,hifi-finance,,stale,0.00176117459357,2026-07-15T00:00:00
23334,AUD,aussie-digital,,stale,0.0157000757,2026-07-15T00:00:00
23566,MIR,mir-token,,stale,1.79758828e-06,2026-07-15T00:00:00
24370,ERN,ethos-reserve-note,,stale,0.9720394697,2026-07-15T00:00:00
24478,PEPE,pepe,,ambiguous,2.7853318e-06,2026-07-15T00:00:00
24549,PEPE,arbi-pepe,,ambiguous,2.78180937e-06,2026-07-15T00:00:00
26680,NTRN,neutron-ntrn,,stale,0.00036944912907,2026-07-15T00:00:00
28298,BEAM,onbeam,,stale,0.00166750509543,2026-07-15T00:00:00
28301,MEME,meme,ambiguous,ambiguous,0.00054256138672,2026-07-15T00:00:00
28596,AEUR,anchored-coins-aeur,,stale,1.1418763857,2026-07-15T00:00:00
28778,NFP,nfprompt,,stale,0.00124251586191,2026-07-15T00:00:00
28827,OMNI,omnicat,,stale,4.85556598e-06,2026-07-15T00:00:00
29073,ALT,altlayer,ambiguous,ambiguous,0.00649506785936,2026-07-15T00:00:00
29229,PROS,prospective,,stale,0.0223561981,2026-07-15T00:00:00
29241,GME,gme,stale,,0.0004335471635,2026-07-15T00:00:00
29470,USDE,ethena-usde,,stale,,
30168,STRAX,stratis-new,,ambiguous,0.00951101668354,2026-07-15T00:00:00
30315,OMNI,omni-network,,stale,0.4509992305,2026-07-15T00:00:00
30495,MON,monad,ambiguous,,0.0222826558,2026-07-15T00:00:00
31248,GME,gamestop,stale,,5.46222928e-06,2026-07-15T00:00:00
31374,NIGHT,midnight-vip,ambiguous,ambiguous,0.0293494195,2026-07-15T00:00:00
31501,SHIB,shib-on-solana,,ambiguous,4.22981012e-06,2026-07-15T00:00:00
32079,PEOPLE,maga-peopletoken,ambiguous,ambiguous,0.00574400531958,2026-07-15T00:00:00
32372,XUSD,straitsx-xusd,,ambiguous,1.0000851836,2026-07-15T00:00:00
32489,AST,astroon,,stale,0.00252448483868,2026-07-15T00:00:00
32521,NEIRO,neiro,ambiguous,ambiguous,6.207891539e-05,2026-07-15T00:00:00
32527,PEPE,pepe-of-solana,,ambiguous,4.33244961e-06,2026-07-15T00:00:00
32730,ELF,the-land-elf-crossing,,stale,0.00259155810227,2026-07-15T00:00:00
32745,ALPHA,alpha-fi,,stale,0.6557208282,2026-07-15T00:00:00
32985,NEIRO,neiro-trxneiro-com,ambiguous,ambiguous,6.492857737e-05,2026-07-15T00:00:00
33039,USDS,usds,,ambiguous,0.999841475,2026-07-15T00:00:00
33452,USDS,the-standard-protocol-usds,,ambiguous,0.9979109561,2026-07-15T00:00:00
34751,FARM,farm-2,,stale,0.0374389429,2026-07-15T00:00:00
34961,OMG,oil-meta-games,,stale,8.5227843308,2026-07-15T00:00:00
35148,POLY,polytrader-by-virtuals,,stale,7.315344242e-05,2026-07-15T00:00:00
35251,AION,aion-5100,,stale,0.00596773324303,2026-07-15T00:00:00
35484,ALPHA,realalphacoin,,stale,0.00023323522321,2026-07-15T00:00:00
35626,DATA,data-network,,stale,0.2802611186,2026-07-15T00:00:00
35793,ANT,autonomi,,stale,0.0602016377,2026-07-15T00:00:00
35892,TUT,tutorial,ambiguous,ambiguous,0.0129342238,2026-07-15T00:00:00
36148,USD1,usd1,,ambiguous,0.9988319399,2026-07-15T00:00:00
37357,A2Z,arena-z,,stale,8.330734991e-05,2026-07-15T00:00:00
37508,ERN,ethernity-chain,,stale,0.0134971195,2026-07-15T00:00:00
37723,ANT,all-inx,,stale,0.3408890397,2026-07-15T00:00:00
37986,LIGHT,light,ambiguous,,0.1261385605,2026-07-15T00:00:00
38147,MC,mixmax,,stale,0.0515735448,2026-07-15T00:00:00
38153,NVDA,nvidia-derivatives,ambiguous,,211.1377758022,2026-07-15T00:00:00
38506,LIGHT,bitlight,ambiguous,,0.1268399993,2026-07-15T00:00:00
38530,BTG,openverse-network,,stale,0.6837670471,2026-07-15T00:00:00
38577,MOB,mobile-blockchain,,stale,0.3175461977,2026-07-15T00:00:00
38647,FUN,sport-fun,,stale,0.0201620784,2026-07-15T00:00:00
38688,USD1,united-states-drip-1,,ambiguous,1.0192800199,2026-07-15T00:00:00
39039,TCT,tectum-cash-token,,stale,0.00126098166758,2026-07-15T00:00:00
39064,NIGHT,midnight-network,ambiguous,ambiguous,0.0293860302,2026-07-15T00:00:00
39125,LIT,lighter,,stale,2.4158196394,2026-07-15T00:00:00
39249,TON,att-tokenized-stock-ondo,,stale,,
39433,XMR,monero-ai,,stale,0.00034105985046,2026-07-15T00:00:00
39469,MU,micron-technology-inc-derivatives,ambiguous,,897.1255432954,2026-07-15T00:00:00
39470,GOOGL,alphabet-inc-derivatives,ambiguous,,371.9130702266,2026-07-15T00:00:00
39471,AMZN,amazon-com-inc-derivatives,ambiguous,,255.2824746249,2026-07-15T00:00:00
39478,HOOD,robinhood-markets-derivatives,ambiguous,,115.5210359309,2026-07-15T00:00:00
39491,AAPL,apple-inc-derivatives,ambiguous,,327.4654846191,2026-07-15T00:00:00
39493,IWM,ishares-russell-2000-etf-derivatives,stale,,295.8469024808,2026-07-15T00:00:00
39495,MSFT,microsoft-corporation-derivatives,ambiguous,,397.0751138368,2026-07-15T00:00:00
39501,SPCX,spacex-derivatives,ambiguous,,135.8624748996,2026-07-15T00:00:00
39513,META,meta-platforms-inc-derivatives,ambiguous,,679.7791784303,2026-07-15T00:00:00
39516,URNM,sprott-uranium-miners-etf-derivatives,stale,,50.8792580114,2026-07-15T00:00:00
39517,QQQ,ustech-derivatives,ambiguous,,717.2222337037,2026-07-15T00:00:00
39555,ETH,bridged-eth-near-intents,ambiguous,ambiguous,1913.0726107159,2026-07-15T00:00:00
39615,META,meta-platforms-tokenized-stock-hyperliquid,ambiguous,,679.7837062969,2026-07-15T00:00:00
39616,MSFT,microsoft-tokenized-stock-hyperliquid,ambiguous,,399.3540565105,2026-07-15T00:00:00
39619,AMZN,amazon-tokenized-stock-hyperliquid,ambiguous,,256.4448114735,2026-07-15T00:00:00
39621,SPY,spdr-sp-500-etf-trust-tokenized-etf-hyperliquid,ambiguous,,750.6084643662,2026-07-15T00:00:00
39622,GOOGL,alphabet-tokenized-stock-hyperliquid,ambiguous,,370.160339181,2026-07-15T00:00:00
39623,QQQ,invesco-qqq-trust-tokenized-etf-hyperliquid,ambiguous,,716.0159089004,2026-07-15T00:00:00
39624,AAPL,apple-tokenized-stock-hyperliquid,ambiguous,,323.5703656346,2026-07-15T00:00:00
39625,HOOD,robinhood-tokenized-stock-hyperliquid,ambiguous,,113.7955104948,2026-07-15T00:00:00
39682,PROS,pharos,,stale,0.3865479838,2026-07-15T00:00:00
39685,EWJ,ishares-msci-japan-etf-derivatives,stale,,93.3611746352,2026-07-15T00:00:00
39731,NOW,now-chain,stale,,5.196326933e-05,2026-07-15T00:00:00
39732,SPY,state-street-spdr-sp-500-etf-trust-derivatives,ambiguous,,754.5510548902,2026-07-15T00:00:00
39928,GME,gamestop-corp-derivatives,stale,,22.2243319345,2026-07-15T00:00:00
39949,EWZ,ishares-msci-brazil-etf-derivatives,stale,,35.8451689945,2026-07-15T00:00:00
39953,EBAY,ebay-derivstives,stale,,112.903678519,2026-07-15T00:00:00
39954,ZM,zoom-derivatives,stale,,92.917791703,2026-07-15T00:00:00
40016,BRKB,berkshire-hathaway-class-b-derivatives,stale,,489.2310876494,2026-07-15T00:00:00
40111,NOW,servicenow-inc-derivatives,stale,,104.9309911058,2026-07-15T00:00:00
40115,ADBE,adobe-inc-derivatives,stale,,224.4913087734,2026-07-15T00:00:00
40116,CRM,salesforce-inc-derivatives,stale,,167.3896001447,2026-07-15T00:00:00
40227,CIEN,ciena-corp-derivatives,stale,,417.9405382737,2026-07-15T00:00:00
40238,SPCX,spacex-tokenized-stock-backpack,ambiguous,,136.1465342855,2026-07-15T00:00:00
40552,SONY,sony-group-corp-derivatives,stale,,20.6824382707,2026-07-15T00:00:00
40584,BOT,robostrategy-inc-derivatives,ambiguous,,32.8561788891,2026-07-15T00:00:00
40679,TTWO,take-two-interactive-software-inc-common-stock-derivatives,stale,,243.9353614624,2026-07-15T00:00:00
40682,TXN,texas-instruments-incorporated-common-stock-derivatives,stale,,300.4649808771,2026-07-15T00:00:00
40685,NVDA,nvidia-tokenized-stock-robinhood,ambiguous,,211.0336513524,2026-07-15T00:00:00
40694,SPY,spdr-sp-500-trust-tokenized-etf-robinhood,ambiguous,,,
40695,MSFT,microsoft-tokenized-stock-robinhood,ambiguous,,396.668062307,2026-07-15T00:00:00
40703,AAPL,apple-tokenized-stock-robinhood,ambiguous,,,
40718,AMZN,amazon-tokenized-stock-robinhood,ambiguous,,,
40757,GOOGL,alphabet-class-a-tokenized-stock-robinhood,ambiguous,,357.5070955071,2026-07-15T00:00:00
40780,META,meta-platforms-tokenized-stock-robinhood,ambiguous,,,
40816,BOT,robostrategy-inc-tokenized-stock-backpack,ambiguous,,32.648682344,2026-07-15T00:00:00
40817,MU,micron-technology-inc-tokenized-stock-backpack,ambiguous,,897.1573291163,2026-07-15T00:00:00
40827,XBI,state-street-spdr-sp-biotech-etf-derivaties,stale,,156.6081554594,2026-07-15T00:00:00
